relname,seq_scan,seq_tup_read,idx_scan,idx_tup_fetch,n_tup_ins,n_tup_upd,n_tup_del,est_rows,total_size
users,30954,16188942,14074,574060,0,1,0,522,336 kB
user_disabled_features,4690,4905740,939,43150,0,0,0,1044,160 kB
teams,9380,787920,0,0,0,0,0,84,56 kB
dictionary_entries,8442,270144,0,0,0,0,0,32,64 kB
review_periods,12194,121940,0,0,0,0,0,10,40 kB
user_roles,5629,16887,0,0,0,0,0,2,40 kB
login_lockouts,2,1,1,0,1,0,1,0,40 kB
performance_reviews,0,0,33768,5740560,0,0,0,5100,14 MB
user_career_positions,0,0,5628,733516,0,0,0,782,256 kB
team_members,0,0,5628,485884,0,0,0,518,112 kB
revoked_tokens,16884,0,0,0,0,0,0,0,16 kB
