rank_total,rank_calls,queryid,calls,total_exec_ms,mean_exec_ms,max_exec_ms,rows,shared_blks_hit,shared_blks_read,query
1,6,1548176300336839951,756,280.5,0.371,1.9,359724,281925,0,"SELECT pulse_responses.cycle_id, pulse_responses.enps, pulse_responses.driver1, pulse_responses.driver2, pulse_responses.driver3, pulse_responses.driver4, pulse_responses.rotating FROM pulse_responses WHERE (pulse_responses.cycle_id IN ($1, $2)) AND (pulse_responses.user_id IN ($3, $4, $5))"
2,6,-7156860449365808079,756,109.7,0.145,0.4,63180,197517,0,"SELECT pulse_participants.cycle_id, COUNT(pulse_participants.user_id) FROM pulse_participants WHERE (pulse_participants.cycle_id IN ($1, $2)) AND (pulse_participants.user_id IN ($3, $4, $5)) GROUP BY pulse_participants.cycle_id"
3,6,-940421943028909277,756,52.3,0.069,0.2,97524,3024,0,"SELECT pulse_cycles.id, pulse_cycles.status, pulse_cycles.planned_open_date, pulse_cycles.planned_close_date, pulse_cycles.rotating_question_entry_id, pulse_cycles.rotating_question_text_en, pulse_cycles.rotating_question_translations, pulse_cycles.created_at, pulse_cycles.opened_at, pulse_cycles.closed_at, pulse_cycles.cancelled_at, pulse_cycles.last_modified, pulse_cycles.marked_as_deleted FROM "
4,3,6439337523879201486,1008,11.1,0.011,0.1,6216,4068,0,SELECT team_members.user_id FROM team_members INNER JOIN teams ON team_members.team_id = teams.id WHERE (team_members.team_id = $1) AND (teams.marked_as_deleted = $2)
5,10,9195370801294911045,504,7.6,0.015,0.1,0,1008,0,SELECT document_shares.sharer_id FROM document_shares WHERE (document_shares.resource_type = $1) AND (document_shares.resource_id = $2) AND (document_shares.sharee_id = $3) AND (document_shares.withdrawn_at IS NULL) AND ((document_shares.expires_on IS NULL) OR (document_shares.expires_on >= $4)) ORDER BY document_shares.id ASC
6,3,-3860284646526656350,1008,7.3,0.007,0.1,1008,1008,0,"SELECT teams.id, teams.""name"", teams.manager_id, teams.marked_as_deleted FROM teams WHERE (teams.id = $1) AND (teams.marked_as_deleted = $2)"
7,3,7005321184555231715,1008,6.7,0.007,0.0,6216,3060,0,"SELECT team_members.team_id, team_members.user_id FROM team_members WHERE team_members.team_id = $1"
8,1,-3688696628780506391,6482,6.5,0.001,0.0,6482,0,0,SELECT $1
9,9,1448030910380861936,510,6.4,0.012,0.0,510,2040,0,"SELECT pulse_cycles.id, pulse_cycles.status, pulse_cycles.planned_open_date, pulse_cycles.planned_close_date, pulse_cycles.rotating_question_entry_id, pulse_cycles.rotating_question_text_en, pulse_cycles.rotating_question_translations, pulse_cycles.created_at, pulse_cycles.opened_at, pulse_cycles.closed_at, pulse_cycles.cancelled_at, pulse_cycles.last_modified, pulse_cycles.marked_as_deleted FROM "
10,11,-5202837157722849333,264,4.1,0.015,0.1,0,792,0,SELECT team_members.team_id FROM team_members INNER JOIN teams ON team_members.team_id = teams.id WHERE (team_members.user_id = $1) AND (teams.marked_as_deleted = $2)
11,13,4091882688965207687,255,3.9,0.015,0.1,1986,1122,0,"SELECT pulse_responses.user_id FROM pulse_responses WHERE (pulse_responses.cycle_id = $1) AND (pulse_responses.user_id IN ($2 /*, ... */))"
12,14,-2058858136810753240,240,3.6,0.015,0.1,423,1226,0,"SELECT pulse_responses.""comment"" FROM pulse_responses WHERE (pulse_responses.cycle_id = $1) AND (pulse_responses.user_id IN ($2, $3, $4, $5, $6, $7, $8)) AND (pulse_responses.""comment"" IS NOT NULL)"
13,2,1546051940573084193,1080,3.3,0.003,0.1,0,0,0,"SELECT revoked_tokens.jti, revoked_tokens.expires_at FROM revoked_tokens WHERE revoked_tokens.jti = $1"
14,11,6989467215606371694,264,1.5,0.006,0.0,0,264,0,SELECT teams.id FROM teams WHERE (teams.manager_id = $1) AND (teams.marked_as_deleted = $2)
15,24,3525347497586393771,9,1.4,0.158,0.7,1170,36,0,"SELECT pulse_cycles.id, pulse_cycles.status, pulse_cycles.planned_open_date, pulse_cycles.planned_close_date, pulse_cycles.rotating_question_entry_id, pulse_cycles.rotating_question_text_en, pulse_cycles.rotating_question_translations, pulse_cycles.created_at, pulse_cycles.opened_at, pulse_cycles.closed_at, pulse_cycles.cancelled_at, pulse_cycles.last_modified, pulse_cycles.marked_as_deleted FROM "
16,26,-3751764016976709002,3,0.5,0.162,0.2,1554,75,0,"SELECT team_members.team_id, team_members.user_id, users.""name"" FROM team_members INNER JOIN users ON team_members.user_id = users.id WHERE (team_members.team_id IN ($1 /*, ... */)) AND (users.marked_as_deleted = $2)"
17,17,-4828887723729851820,12,0.3,0.021,0.0,12,36,0,"SELECT users.id, users.""name"", users.email, users.password_hash, users.marked_as_deleted, users.deactivated, users.password_changed_at, users.last_login_at, users.email_notifications_enabled, users.unique_id, users.""language"" FROM users WHERE (users.id = $1) AND (users.marked_as_deleted = $2)"
18,26,571931069878389763,3,0.2,0.063,0.1,1530,18,0,"SELECT pulse_participants.user_id FROM pulse_participants WHERE (pulse_participants.cycle_id = $1) AND (pulse_participants.user_id IN ($2 /*, ... */))"
19,17,1138387937409780841,12,0.1,0.011,0.0,0,24,0,"SELECT user_career_positions.user_id, user_career_positions.start_date, user_career_positions.career_path_id, user_career_positions.career_specialization_id, user_career_positions.seniority_level_id FROM user_career_positions WHERE (user_career_positions.user_id = $1) AND (user_career_positions.marked_as_deleted = $2)"
20,15,-2000946655018330045,13,0.1,0.009,0.0,26,39,0,"SELECT user_disabled_features.user_id, user_disabled_features.feature FROM user_disabled_features WHERE user_disabled_features.user_id = $1"
21,17,-1074924274528130003,12,0.1,0.009,0.0,0,0,0,"SELECT alerts.id, alerts.title, alerts.""content"", alerts.is_active, alerts.starts_at, alerts.ends_at, alerts.marked_as_deleted FROM alerts WHERE (alerts.marked_as_deleted = $1) AND (alerts.is_active = $2) AND ((alerts.starts_at IS NULL) OR (alerts.starts_at <= $3)) AND ((alerts.ends_at IS NULL) OR (alerts.ends_at >= $4)) ORDER BY alerts.id ASC"
22,17,6013490444779425069,12,0.1,0.008,0.0,0,12,0,"SELECT teams.id, teams.""name"", teams.manager_id, users.""name"", users.marked_as_deleted FROM teams INNER JOIN users ON users.id = teams.manager_id WHERE TRUE AND (teams.manager_id = $1) AND (teams.marked_as_deleted = $2) ORDER BY teams.id ASC LIMIT 1"
23,24,-2362016393878537372,9,0.1,0.011,0.0,756,9,0,"SELECT teams.id, teams.""name"" FROM teams WHERE teams.marked_as_deleted = $1"
24,15,4267451118641408197,13,0.1,0.008,0.0,13,13,0,"SELECT user_roles.user_id, user_roles.""role"" FROM user_roles WHERE user_roles.user_id = $1"
25,17,6238342289700074175,12,0.1,0.007,0.0,12,12,0,SELECT COUNT(*) FROM teams INNER JOIN users ON users.id = teams.manager_id WHERE TRUE AND (teams.manager_id = $1) AND (teams.marked_as_deleted = $2)
26,32,640622490211966332,1,0.1,0.087,0.1,1,19,0,"INSERT INTO account_events (owner_id, user_id, created_at, event_type, params) VALUES ($1, $2, $3, $4, $5) RETURNING *"
27,17,4719040726248758609,12,0.1,0.007,0.0,12,24,0,"SELECT COUNT(*) FROM notifications WHERE (notifications.recipient_id = $1) AND (notifications.marked_as_deleted = $2) AND (notifications.notification_type IN ($3, $4, $5, $6, $7, $8, $9, $10, $11, $12, $13, $14, $15, $16, $17, $18, $19, $20, $21, $22, $23, $24, $25, $26, $27, $28, $29, $30, $31, $32, $33, $34, $35, $36, $37, $38, $39, $40, $41, $42, $43, $44, $45, $46, $47, $48, $49, $50, $51, $52"
28,17,-3336081177093356974,12,0.1,0.006,0.0,0,24,0,"SELECT notifications.id, notifications.recipient_id, notifications.created_at, notifications.notification_type, notifications.params, notifications.link, notifications.was_seen, notifications.marked_as_deleted FROM notifications WHERE (notifications.recipient_id = $1) AND (notifications.marked_as_deleted = $2) AND (notifications.notification_type IN ($3, $4, $5, $6, $7, $8, $9, $10, $11, $12, $13,"
29,26,2245802443758425899,3,0.0,0.015,0.0,3,9,0,SELECT COUNT(*) FROM pulse_participants WHERE (pulse_participants.cycle_id = $1) AND (pulse_participants.user_id = $2)
30,32,-7009927455060274693,1,0.0,0.043,0.0,1,6,0,"INSERT INTO login_lockouts (email, failures, locked_until, last_touched) VALUES ($1, $2, $3, $4) ON CONFLICT (email) DO UPDATE SET failures=CASE WHEN login_lockouts.locked_until > $5 THEN login_lockouts.failures ELSE (login_lockouts.failures + $6) END, last_touched=$7 RETURNING login_lockouts.failures, login_lockouts.locked_until"
31,32,47601082151550318,1,0.0,0.033,0.0,1,6,0,UPDATE users SET last_login_at=$1 WHERE (users.id = $2) AND (users.marked_as_deleted = $3)
32,32,2169115237613314459,1,0.0,0.033,0.0,1,0,0,SELECT pg_stat_reset()
33,26,-1294731323444263503,3,0.0,0.006,0.0,3,6,0,"SELECT COUNT(*) FROM document_shares WHERE (document_shares.resource_type IN ($1, $2, $3, $4, $5, $6, $7, $8, $9)) AND (document_shares.sharee_id = $10) AND (document_shares.withdrawn_at IS NULL) AND (document_shares.resource_type = $11) AND (document_shares.withdrawn_at IS NULL) AND ((document_shares.expires_on IS NULL) OR (document_shares.expires_on >= $12))"
34,32,-4268657253524403367,1,0.0,0.017,0.0,1,2,0,DELETE FROM login_lockouts WHERE login_lockouts.email = $1
35,26,7715290139300695319,3,0.0,0.005,0.0,0,6,0,"SELECT document_shares.id, document_shares.resource_type, document_shares.resource_id, document_shares.sharer_id, document_shares.sharee_id, document_shares.expires_on, document_shares.created_at, document_shares.withdrawn_at, document_shares.withdrawn_by, document_shares.details, document_shares.batch_id, sharer_users.id, sharer_users.""name"", sharer_users.email, sharer_users.password_hash, sharer"
36,32,2193408552658790748,1,0.0,0.015,0.0,1,3,0,"SELECT users.id, users.""name"", users.email, users.password_hash, users.marked_as_deleted, users.deactivated, users.password_changed_at, users.last_login_at, users.email_notifications_enabled, users.unique_id, users.""language"" FROM users WHERE (users.email = $1) AND (users.marked_as_deleted = $2)"
37,31,4910648932442771049,2,0.0,0.007,0.0,2,8,0,"SELECT 1 FROM ONLY ""public"".""users"" x WHERE ""id"" OPERATOR(pg_catalog.=) $1 FOR KEY SHARE OF x"
38,32,-7719238554644989165,1,0.0,0.010,0.0,0,1,0,DELETE FROM login_lockouts WHERE (login_lockouts.last_touched < $1) AND (login_lockouts.locked_until <= $2)
